,source,location,substance,volume,year_quarter
0,0.03388271577884062,0.0038258036632634516,0.0033802918104401908,0.0019277254303838498,0.0008628153389917414
