,source,location,substance,volume,year_quarter
0,0.0328323338762851,0.00467088074242394,0.0007267317822056075,0.002480048954185759,0.00022299899915862205
